Username,Email,Password
StarGazer123,stargazer123@example.com,Passw0rd!
MountainHiker86,mountainhiker86@example.com,Adventur3r!
CyberNinja99,cyberninja99@example.com,N1njaP@ss
MysticDreamer77,mysticdreamer77@example.com,DreamC@tch3r
BeachComber55,beachcomber55@example.com,SunSand&Sea
QuantumCoder42,quantumcoder42@example.com,Qu@ntumC0d3
MusicMaestro63,musicmaestro63@example.com,Mus!cM@estro
AdventureSeeker21,adventureseeker21@example.com,Expl0r3r!
Bookworm1984,bookworm1984@example.com,Read1ngR0cks
SkyDiver77,skydiver77@example.com,SkyH!ghD!v3r
CoffeeLover88,coffeelover88@example.com,C0ff33L0v3r
NatureExplorer36,natureexplorer36@example.com,Na+ureL0v3r
TechGeek101,techgeek101@example.com,G3ek4Life!
YogaEnthusiast47,yogaenthusiast47@example.com,Y0gaM@ster
GamerPro99,gamerpro99@example.com,G@merP@ssw0rd
MidnightRider74,midnightrider74@example.com,Night0wl!
ArtisticSoul55,artisticsoul55@example.com,Creat1v3Art
FoodieDelight22,foodiedelight22@example.com,Del!ciousF00d
WanderlustTraveler,wanderlusttraveler@example.com,Adventur3T1me
MovieBuff777,moviebuff777@example.com,C!nemaL0v3r
StarryNightSky,starrynightsky@example.com,N!ghtSkyW0nder
ScienceWhiz88,sciencewhiz88@example.com,Sci3nc3G3ek
FitnessFreak2020,fitnessfreak2020@example.com,Healthy&F!t
AnimalLover73,animallover73@example.com,4nimalL0v3r
DreamWeaver45,dreamweaver45@example.com,DreamW3av3r
AquaAdventurer77,aquaadventurer77@example.com,Underwater1!
CodeNinjaXpert,codeninjaxpert@example.com,C0deM@ster
GalaxyGazer88,galaxygazer88@example.com,St4rryN1ght
SereneDreamscape,serenedreamscape@example.com,Tranquil@ndP3ace
MountainNomad42,mountainnomad42@example.com,PeakExplorer
CoffeeConnoisseur,coffeeconnoisseur@example.com,C0ffeeL0ver
QuantumExplorer21,quantumexplorer21@example.com,Qu@ntumTr@veler
MusicMystic63,musicmystic63@example.com,Harmony123
MidnightRambler55,midnightrambler55@example.com,Nocturn@lLife
EcoWarrior2020,ecowarrior2020@example.com,Sav3TheEarth!
BookWormEpic,bookwormepic@example.com,BookL0v3r23
TechWizard101,techwizard101@example.com,W1z@rd0fTech
YogaZenMaster47,yogazenmaster47@example.com,Y0gaBliss
GameChangerPro,gamechangerpro@example.com,GameOn2022
StarryEyedDreamer,starryeyeddreamer@example.com,DreamBig45
CulinaryArtist22,culinaryartist22@example.com,FoodCreat!v3
NatureLoverEclectica,natureloverelectica@example.com,Wildlif3L0v3r
MovieManiac777,moviemaniac777@example.com,C!nemaL0v3r
SkyHighAdventures,skyhighadventures@example.com,HighFly3r
ArtisticSoulful,artisticsoulful@example.com,Creat!v3Soul
FitnessJunkie73,fitnessjunkie73@example.com,HealthyLife1!
AnimalAdvocate88,animaladvocate88@example.com,4nimalR!ghts
DreamWeaverEpic,dreamweaverepic@example.com,DreamOn987
TravelTreasureHunter,traveltreasurehunter@example.com,Adventur3Time
ScienceEnthusiast,scienceenthusiast@example.com,Sci3nc3L0v3r